BOROUGH,NEIGHBORHOOD,ZIP CODE
bronx,BATHGATE,10457
bronx,BATHGATE,10458
bronx,BATHGATE,10456
bronx,BAYCHESTER,10469
bronx,BAYCHESTER,10466
bronx,BAYCHESTER,10475
bronx,BEDFORD PARK/NORWOOD,10458
bronx,BEDFORD PARK/NORWOOD,10468
bronx,BEDFORD PARK/NORWOOD,10467
bronx,BELMONT,10458
bronx,BELMONT,10457
bronx,BELMONT,10460
bronx,BRONX PARK,10462
bronx,BRONX PARK,10460
bronx,BRONX PARK,10467
bronx,BRONXDALE,10467
bronx,BRONXDALE,10469
bronx,CASTLE HILL/UNIONPORT,10473
bronx,CASTLE HILL/UNIONPORT,10472
bronx,CITY ISLAND,10464
bronx,CITY ISLAND,10462
bronx,CITY ISLAND-PELHAM STRIP,10464
bronx,CO-OP CITY,10475
bronx,COUNTRY CLUB,10465
bronx,CROTONA PARK,10460
bronx,CROTONA PARK,10457
bronx,CROTONA PARK,10459
bronx,CROTONA PARK,10456
bronx,EAST TREMONT,10460
bronx,EAST TREMONT,10457
bronx,FIELDSTON,10471
bronx,FORDHAM,10457
bronx,FORDHAM,10453
bronx,FORDHAM,10458
bronx,FORDHAM,10468
bronx,HIGHBRIDGE/MORRIS HEIGHTS,10452
bronx,HIGHBRIDGE/MORRIS HEIGHTS,10453
bronx,HUNTS POINT,10474
bronx,HUNTS POINT,10461
bronx,KINGSBRIDGE HTS/UNIV HTS,10468
bronx,KINGSBRIDGE HTS/UNIV HTS,10453
bronx,KINGSBRIDGE HTS/UNIV HTS,10463
bronx,KINGSBRIDGE/JEROME PARK,10468
bronx,KINGSBRIDGE/JEROME PARK,10463
bronx,KINGSBRIDGE/JEROME PARK,10462
bronx,KINGSBRIDGE/JEROME PARK,10471
bronx,MELROSE/CONCOURSE,10451
bronx,MELROSE/CONCOURSE,10452
bronx,MELROSE/CONCOURSE,10456
bronx,MELROSE/CONCOURSE,10454
bronx,MELROSE/CONCOURSE,10455
bronx,MORRIS PARK/VAN NEST,10462
bronx,MORRIS PARK/VAN NEST,10461
bronx,MORRISANIA/LONGWOOD,10456
bronx,MORRISANIA/LONGWOOD,10451
bronx,MORRISANIA/LONGWOOD,10455
bronx,MORRISANIA/LONGWOOD,10459
bronx,MOTT HAVEN/PORT MORRIS,10454
bronx,MOTT HAVEN/PORT MORRIS,10455
bronx,MOTT HAVEN/PORT MORRIS,10451
bronx,MOUNT HOPE/MOUNT EDEN,10457
bronx,MOUNT HOPE/MOUNT EDEN,10453
bronx,MOUNT HOPE/MOUNT EDEN,10452
bronx,PARKCHESTER,10460
bronx,PARKCHESTER,10462
bronx,PELHAM GARDENS,10469
bronx,PELHAM PARKWAY NORTH,10467
bronx,PELHAM PARKWAY NORTH,10469
bronx,PELHAM PARKWAY SOUTH,10461
bronx,PELHAM PARKWAY SOUTH,10462
bronx,RIVERDALE,10463
bronx,RIVERDALE,10471
bronx,SCHUYLERVILLE/PELHAM BAY,10461
bronx,SCHUYLERVILLE/PELHAM BAY,10465
bronx,SOUNDVIEW,10473
bronx,SOUNDVIEW,10472
bronx,THROGS NECK,10465
bronx,VAN CORTLANDT PARK,10471
bronx,WAKEFIELD,10466
bronx,WAKEFIELD,10470
bronx,WESTCHESTER,10462
bronx,WESTCHESTER,10461
bronx,WESTCHESTER,10465
bronx,WILLIAMSBRIDGE,10467
bronx,WILLIAMSBRIDGE,10469
bronx,WILLIAMSBRIDGE,10466
bronx,WILLIAMSBRIDGE,10470
bronx,WOODLAWN,10470
brooklyn,BATH BEACH,11228
brooklyn,BATH BEACH,11214
brooklyn,BATH BEACH,11215
brooklyn,BAY RIDGE,11220
brooklyn,BAY RIDGE,11209
brooklyn,BAY RIDGE,11228
brooklyn,BAY RIDGE,11219
brooklyn,BEDFORD STUYVESANT,11221
brooklyn,BEDFORD STUYVESANT,11233
brooklyn,BEDFORD STUYVESANT,11213
brooklyn,BEDFORD STUYVESANT,11206
brooklyn,BEDFORD STUYVESANT,11205
brooklyn,BEDFORD STUYVESANT,11216
brooklyn,BEDFORD STUYVESANT,11238
brooklyn,BENSONHURST,11204
brooklyn,BENSONHURST,11228
brooklyn,BENSONHURST,11214
brooklyn,BENSONHURST,11219
brooklyn,BENSONHURST,11209
brooklyn,BERGEN BEACH,11234
brooklyn,BOERUM HILL,11217
brooklyn,BOERUM HILL,11201
brooklyn,BOROUGH PARK,11218
brooklyn,BOROUGH PARK,11204
brooklyn,BOROUGH PARK,11219
brooklyn,BOROUGH PARK,11220
brooklyn,BOROUGH PARK,11232
brooklyn,BOROUGH PARK,11230
brooklyn,BOROUGH PARK,11249
brooklyn,BRIGHTON BEACH,11235
brooklyn,BRIGHTON BEACH,11223
brooklyn,BROOKLYN HEIGHTS,11201
brooklyn,BROWNSVILLE,11212
brooklyn,BUSH TERMINAL,11232
brooklyn,BUSH TERMINAL,11220
brooklyn,BUSHWICK,11221
brooklyn,BUSHWICK,11237
brooklyn,BUSHWICK,11207
brooklyn,BUSHWICK,11206
brooklyn,CANARSIE,11236
brooklyn,CANARSIE,11239
brooklyn,CANARSIE,11218
brooklyn,CARROLL GARDENS,11231
brooklyn,CARROLL GARDENS,11201
brooklyn,CLINTON HILL,11238
brooklyn,CLINTON HILL,11205
brooklyn,COBBLE HILL,11201
brooklyn,COBBLE HILL,11231
brooklyn,COBBLE HILL-WEST,11231
brooklyn,COBBLE HILL-WEST,11201
brooklyn,CONEY ISLAND,11224
brooklyn,CROWN HEIGHTS,11238
brooklyn,CROWN HEIGHTS,11216
brooklyn,CROWN HEIGHTS,11213
brooklyn,CROWN HEIGHTS,11225
brooklyn,CROWN HEIGHTS,11233
brooklyn,CROWN HEIGHTS,10013
brooklyn,CYPRESS HILLS,11207
brooklyn,CYPRESS HILLS,11208
brooklyn,DOWNTOWN-FULTON FERRY,11201
brooklyn,DOWNTOWN-FULTON MALL,11201
brooklyn,DOWNTOWN-FULTON MALL,11217
brooklyn,DOWNTOWN-METROTECH,11201
brooklyn,DYKER HEIGHTS,11228
brooklyn,DYKER HEIGHTS,11219
brooklyn,EAST NEW YORK,11207
brooklyn,EAST NEW YORK,11208
brooklyn,FLATBUSH-CENTRAL,11226
brooklyn,FLATBUSH-CENTRAL,11218
brooklyn,FLATBUSH-CENTRAL,11210
brooklyn,FLATBUSH-CENTRAL,11230
brooklyn,FLATBUSH-EAST,11203
brooklyn,FLATBUSH-EAST,11226
brooklyn,FLATBUSH-EAST,11210
brooklyn,FLATBUSH-EAST,11234
brooklyn,FLATBUSH-EAST,11236
brooklyn,FLATBUSH-LEFFERTS GARDEN,11225
brooklyn,FLATBUSH-LEFFERTS GARDEN,11226
brooklyn,FLATBUSH-LEFFERTS GARDEN,11203
brooklyn,FLATBUSH-NORTH,11225
brooklyn,FLATBUSH-NORTH,11213
brooklyn,FLATBUSH-NORTH,11203
brooklyn,FLATBUSH-NORTH,11212
brooklyn,FLATBUSH-NORTH,11226
brooklyn,FLATLANDS,11234
brooklyn,FORT GREENE,11238
brooklyn,FORT GREENE,11205
brooklyn,FORT GREENE,11217
brooklyn,FORT GREENE,11201
brooklyn,GERRITSEN BEACH,11229
brooklyn,GOWANUS,11231
brooklyn,GOWANUS,11215
brooklyn,GOWANUS,11217
brooklyn,GRAVESEND,11204
brooklyn,GRAVESEND,11223
brooklyn,GRAVESEND,11214
brooklyn,GRAVESEND,11229
brooklyn,GRAVESEND,11228
brooklyn,GRAVESEND,11224
brooklyn,GREENPOINT,11222
brooklyn,GREENPOINT,11211
brooklyn,KENSINGTON,11218
brooklyn,MADISON,11229
brooklyn,MADISON,11223
brooklyn,MANHATTAN BEACH,11235
brooklyn,MARINE PARK,11229
brooklyn,MARINE PARK,11234
brooklyn,MIDWOOD,11230
brooklyn,MIDWOOD,11229
brooklyn,MIDWOOD,11210
brooklyn,MILL BASIN,11234
brooklyn,NAVY YARD,11205
brooklyn,OCEAN HILL,11233
brooklyn,OCEAN HILL,11221
brooklyn,OCEAN HILL,11207
brooklyn,OCEAN HILL,11212
brooklyn,OCEAN HILL,11216
brooklyn,OCEAN PARKWAY-NORTH,11218
brooklyn,OCEAN PARKWAY-NORTH,11230
brooklyn,OCEAN PARKWAY-NORTH,11223
brooklyn,OCEAN PARKWAY-SOUTH,11223
brooklyn,OCEAN PARKWAY-SOUTH,11235
brooklyn,OLD MILL BASIN,11234
brooklyn,PARK SLOPE,11217
brooklyn,PARK SLOPE,11215
brooklyn,PARK SLOPE SOUTH,11215
brooklyn,PROSPECT HEIGHTS,11238
brooklyn,PROSPECT HEIGHTS,11217
brooklyn,RED HOOK,11231
brooklyn,SEAGATE,11224
brooklyn,SHEEPSHEAD BAY,11229
brooklyn,SHEEPSHEAD BAY,11235
brooklyn,SHEEPSHEAD BAY,11223
brooklyn,SPRING CREEK,11239
brooklyn,SUNSET PARK,11232
brooklyn,SUNSET PARK,11220
brooklyn,SUNSET PARK,11215
brooklyn,WILLIAMSBURG-CENTRAL,11211
brooklyn,WILLIAMSBURG-CENTRAL,11249
brooklyn,WILLIAMSBURG-CENTRAL,11206
brooklyn,WILLIAMSBURG-CENTRAL,11205
brooklyn,WILLIAMSBURG-EAST,11211
brooklyn,WILLIAMSBURG-EAST,11206
brooklyn,WILLIAMSBURG-EAST,11231
brooklyn,WILLIAMSBURG-EAST,11237
brooklyn,WILLIAMSBURG-EAST,11222
brooklyn,WILLIAMSBURG-NORTH,11211
brooklyn,WILLIAMSBURG-NORTH,11249
brooklyn,WILLIAMSBURG-SOUTH,11249
brooklyn,WILLIAMSBURG-SOUTH,11211
brooklyn,WINDSOR TERRACE,11215
brooklyn,WINDSOR TERRACE,11218
brooklyn,WYCKOFF HEIGHTS,11237
manhattan,ALPHABET CITY,10009
manhattan,ALPHABET CITY,10002
manhattan,CHELSEA,10011
manhattan,CHELSEA,10001
manhattan,CHELSEA,10010
manhattan,CHINATOWN,10038
manhattan,CHINATOWN,10013
manhattan,CHINATOWN,10002
manhattan,CIVIC CENTER,10013
manhattan,CIVIC CENTER,10038
manhattan,CIVIC CENTER,10007
manhattan,CLINTON,10019
manhattan,CLINTON,10036
manhattan,EAST VILLAGE,10003
manhattan,EAST VILLAGE,10009
manhattan,FASHION,10018
manhattan,FASHION,10001
manhattan,FINANCIAL,10004
manhattan,FINANCIAL,10005
manhattan,FINANCIAL,10038
manhattan,FINANCIAL,10006
manhattan,FLATIRON,10003
manhattan,FLATIRON,10010
manhattan,FLATIRON,10011
manhattan,FLATIRON,10016
manhattan,GRAMERCY,10003
manhattan,GRAMERCY,10010
manhattan,GRAMERCY,10016
manhattan,GREENWICH VILLAGE-CENTRAL,10011
manhattan,GREENWICH VILLAGE-CENTRAL,10003
manhattan,GREENWICH VILLAGE-CENTRAL,10012
manhattan,GREENWICH VILLAGE-WEST,10014
manhattan,GREENWICH VILLAGE-WEST,10011
manhattan,GREENWICH VILLAGE-WEST,10019
manhattan,HARLEM-CENTRAL,10026
manhattan,HARLEM-CENTRAL,10027
manhattan,HARLEM-CENTRAL,10030
manhattan,HARLEM-CENTRAL,10031
manhattan,HARLEM-CENTRAL,10035
manhattan,HARLEM-CENTRAL,10037
manhattan,HARLEM-CENTRAL,10039
manhattan,HARLEM-CENTRAL,10032
manhattan,HARLEM-CENTRAL,10028
manhattan,HARLEM-EAST,10029
manhattan,HARLEM-EAST,10035
manhattan,HARLEM-EAST,10128
manhattan,HARLEM-UPPER,10031
manhattan,HARLEM-UPPER,10032
manhattan,HARLEM-WEST,10027
manhattan,HARLEM-WEST,10031
manhattan,INWOOD,10463
manhattan,INWOOD,10034
manhattan,JAVITS CENTER,10018
manhattan,JAVITS CENTER,10001
manhattan,KIPS BAY,10003
manhattan,KIPS BAY,10016
manhattan,KIPS BAY,10010
manhattan,LITTLE ITALY,10013
manhattan,LITTLE ITALY,10012
manhattan,LOWER EAST SIDE,10002
manhattan,MANHATTAN VALLEY,10025
manhattan,MANHATTAN VALLEY,10026
manhattan,MIDTOWN CBD,10022
manhattan,MIDTOWN CBD,10017
manhattan,MIDTOWN CBD,10179
manhattan,MIDTOWN CBD,10177
manhattan,MIDTOWN CBD,10169
manhattan,MIDTOWN CBD,10167
manhattan,MIDTOWN CBD,10171
manhattan,MIDTOWN CBD,10170
manhattan,MIDTOWN CBD,10172
manhattan,MIDTOWN EAST,10022
manhattan,MIDTOWN EAST,10017
manhattan,MIDTOWN EAST,10016
manhattan,MIDTOWN WEST,10036
manhattan,MIDTOWN WEST,10019
manhattan,MIDTOWN WEST,10023
manhattan,MORNINGSIDE HEIGHTS,10027
manhattan,MURRAY HILL,10016
manhattan,MURRAY HILL,10002
manhattan,ROOSEVELT ISLAND,10044
manhattan,SOHO,10012
manhattan,SOHO,10014
manhattan,SOHO,10013
manhattan,SOUTHBRIDGE,10038
manhattan,TRIBECA,10013
manhattan,TRIBECA,10007
manhattan,TRIBECA,10280
manhattan,TRIBECA,10004
manhattan,TRIBECA,10282
manhattan,UPPER EAST SIDE (59-79),10065
manhattan,UPPER EAST SIDE (59-79),10075
manhattan,UPPER EAST SIDE (59-79),10021
manhattan,UPPER EAST SIDE (59-79),10022
manhattan,UPPER EAST SIDE (79-96),10028
manhattan,UPPER EAST SIDE (79-96),10128
manhattan,UPPER EAST SIDE (79-96),10075
manhattan,UPPER EAST SIDE (79-96),10022
manhattan,UPPER EAST SIDE (96-110),10029
manhattan,UPPER EAST SIDE (96-110),10128
manhattan,UPPER WEST SIDE (59-79),10023
manhattan,UPPER WEST SIDE (59-79),10024
manhattan,UPPER WEST SIDE (59-79),10025
manhattan,UPPER WEST SIDE (59-79),10019
manhattan,UPPER WEST SIDE (59-79),10069
manhattan,UPPER WEST SIDE (79-96),10024
manhattan,UPPER WEST SIDE (79-96),10025
manhattan,UPPER WEST SIDE (96-116),10025
manhattan,WASHINGTON HEIGHTS LOWER,10032
manhattan,WASHINGTON HEIGHTS LOWER,10033
manhattan,WASHINGTON HEIGHTS UPPER,10033
manhattan,WASHINGTON HEIGHTS UPPER,10040
queens,AIRPORT JFK,11434
queens,AIRPORT LA GUARDIA,11370
queens,ARVERNE,11691
queens,ARVERNE,11692
queens,ASTORIA,11102
queens,ASTORIA,11106
queens,ASTORIA,11103
queens,ASTORIA,11377
queens,ASTORIA,11105
queens,ASTORIA,11101
queens,ASTORIA,11104
queens,BAYSIDE,11361
queens,BAYSIDE,11357
queens,BAYSIDE,11360
queens,BAYSIDE,11358
queens,BAYSIDE,11364
queens,BAYSIDE,11693
queens,BEECHHURST,11357
queens,BELLE HARBOR,11694
queens,BELLEROSE,11426
queens,BELLEROSE,11004
queens,BELLEROSE,11001
queens,BREEZY POINT,11697
queens,BRIARWOOD,11435
queens,BROAD CHANNEL,11693
queens,CAMBRIA HEIGHTS,11411
queens,COLLEGE POINT,11356
queens,COLLEGE POINT,11357
queens,COLLEGE POINT,11354
queens,COLLEGE POINT,11420
queens,CORONA,11368
queens,CORONA,11373
queens,CORONA,11372
queens,DOUGLASTON,11363
queens,DOUGLASTON,11362
queens,EAST ELMHURST,11369
queens,EAST ELMHURST,11368
queens,EAST ELMHURST,11106
queens,EAST ELMHURST,11372
queens,ELMHURST,11377
queens,ELMHURST,11373
queens,ELMHURST,11378
queens,FAR ROCKAWAY,11691
queens,FLORAL PARK,11040
queens,FLORAL PARK,11004
queens,FLORAL PARK,11001
queens,FLUSHING MEADOW PARK,11375
queens,FLUSHING-NORTH,11354
queens,FLUSHING-NORTH,11357
queens,FLUSHING-NORTH,11358
queens,FLUSHING-NORTH,11355
queens,FLUSHING-NORTH,11365
queens,FLUSHING-NORTH,11361
queens,FLUSHING-NORTH,11367
queens,FLUSHING-NORTH,11364
queens,FLUSHING-NORTH,11351
queens,FLUSHING-NORTH,11368
queens,FLUSHING-SOUTH,11367
queens,FLUSHING-SOUTH,11365
queens,FLUSHING-SOUTH,11366
queens,FOREST HILLS,11375
queens,FOREST HILLS,11374
queens,FRESH MEADOWS,11365
queens,FRESH MEADOWS,11366
queens,GLEN OAKS,11004
queens,GLEN OAKS,11426
queens,GLEN OAKS,11040
queens,GLEN OAKS,11005
queens,GLENDALE,11385
queens,GLENDALE,11375
queens,GLENDALE,11421
queens,GLENDALE,11379
queens,HAMMELS,11693
queens,HILLCREST,11432
queens,HILLCREST,11435
queens,HILLCREST,11367
queens,HOLLIS,11432
queens,HOLLIS,11423
queens,HOLLIS,11433
queens,HOLLIS,11412
queens,HOLLIS,11428
queens,HOLLIS,11427
queens,HOLLIS,11429
queens,HOLLIS HILLS,11427
queens,HOLLIS HILLS,11364
queens,HOLLISWOOD,11423
queens,HOLLISWOOD,11427
queens,HOWARD BEACH,11414
queens,HOWARD BEACH,11693
queens,JACKSON HEIGHTS,11370
queens,JACKSON HEIGHTS,11369
queens,JACKSON HEIGHTS,11377
queens,JACKSON HEIGHTS,11372
queens,JACKSON HEIGHTS,11368
queens,JAMAICA,11435
queens,JAMAICA,11432
queens,JAMAICA,11433
queens,JAMAICA BAY,11422
queens,JAMAICA BAY,11693
queens,JAMAICA BAY,11691
queens,JAMAICA BAY,11692
queens,JAMAICA ESTATES,11432
queens,JAMAICA ESTATES,11423
queens,JAMAICA HILLS,11432
queens,JAMAICA HILLS,11435
queens,KEW GARDENS,11418
queens,KEW GARDENS,11415
queens,LAURELTON,11411
queens,LAURELTON,11413
queens,LAURELTON,11422
queens,LITTLE NECK,11363
queens,LITTLE NECK,11362
queens,LONG ISLAND CITY,11101
queens,LONG ISLAND CITY,11106
queens,LONG ISLAND CITY,11104
queens,LONG ISLAND CITY,11102
queens,LONG ISLAND CITY,11109
queens,MASPETH,11377
queens,MASPETH,11378
queens,MASPETH,11379
queens,MASPETH,11385
queens,MASPETH,11101
queens,MIDDLE VILLAGE,11378
queens,MIDDLE VILLAGE,11379
queens,MIDDLE VILLAGE,11374
queens,MIDDLE VILLAGE,11385
queens,MIDDLE VILLAGE,11373
queens,NEPONSIT,11694
queens,OAKLAND GARDENS,11364
queens,OZONE PARK,11421
queens,OZONE PARK,11416
queens,OZONE PARK,11417
queens,OZONE PARK,11414
queens,OZONE PARK,11420
queens,QUEENS VILLAGE,11427
queens,QUEENS VILLAGE,11426
queens,QUEENS VILLAGE,11428
queens,QUEENS VILLAGE,11429
queens,QUEENS VILLAGE,11417
queens,QUEENS VILLAGE,11411
queens,QUEENS VILLAGE,11412
queens,REGO PARK,11374
queens,REGO PARK,11373
queens,REGO PARK,11375
queens,RICHMOND HILL,11418
queens,RICHMOND HILL,11416
queens,RICHMOND HILL,11419
queens,RICHMOND HILL,11417
queens,RICHMOND HILL,11420
queens,RIDGEWOOD,11385
queens,RIDGEWOOD,11379
queens,ROCKAWAY PARK,11694
queens,ROSEDALE,11422
queens,ROSEDALE,11413
queens,ROSEDALE,11435
queens,SO. JAMAICA-BAISLEY PARK,11436
queens,SO. JAMAICA-BAISLEY PARK,11357
queens,SO. JAMAICA-BAISLEY PARK,11434
queens,SOUTH JAMAICA,11435
queens,SOUTH JAMAICA,11433
queens,SOUTH JAMAICA,11436
queens,SOUTH JAMAICA,11434
queens,SOUTH JAMAICA,11415
queens,SOUTH OZONE PARK,11420
queens,SOUTH OZONE PARK,11435
queens,SPRINGFIELD GARDENS,11434
queens,SPRINGFIELD GARDENS,11412
queens,SPRINGFIELD GARDENS,11413
queens,ST. ALBANS,11433
queens,ST. ALBANS,11434
queens,ST. ALBANS,11412
queens,ST. ALBANS,11429
queens,ST. ALBANS,11411
queens,SUNNYSIDE,11377
queens,SUNNYSIDE,11104
queens,SUNNYSIDE,11101
queens,WHITESTONE,11357
queens,WHITESTONE,11356
queens,WOODHAVEN,11421
queens,WOODHAVEN,11418
queens,WOODSIDE,11377
queens,WOODSIDE,11104
queens,WOODSIDE,11379
staten_island,ANNADALE,10312
staten_island,ANNADALE,10309
staten_island,ARDEN HEIGHTS,10312
staten_island,ARDEN HEIGHTS,10314
staten_island,ARROCHAR,10305
staten_island,ARROCHAR-SHORE ACRES,10305
staten_island,BLOOMFIELD,10314
staten_island,BLOOMFIELD,10303
staten_island,BULLS HEAD,10314
staten_island,BULLS HEAD,10303
staten_island,CASTLETON CORNERS,10310
staten_island,CASTLETON CORNERS,10314
staten_island,CLOVE LAKES,10301
staten_island,CLOVE LAKES,10310
staten_island,CLOVE LAKES,10314
staten_island,CONCORD,10304
staten_island,CONCORD,10305
staten_island,CONCORD-FOX HILLS,10304
staten_island,DONGAN HILLS,10304
staten_island,DONGAN HILLS,10305
staten_island,DONGAN HILLS-COLONY,10304
staten_island,DONGAN HILLS-COLONY,10301
staten_island,DONGAN HILLS-OLD TOWN,10305
staten_island,ELTINGVILLE,10312
staten_island,EMERSON HILL,10304
staten_island,EMERSON HILL,10301
staten_island,FRESH KILLS,10309
staten_island,GRANT CITY,10306
staten_island,GRANT CITY,10304
staten_island,GRANT CITY,10305
staten_island,GRASMERE,10304
staten_island,GRASMERE,10305
staten_island,GREAT KILLS,10306
staten_island,GREAT KILLS,10308
staten_island,GREAT KILLS,10312
staten_island,GREAT KILLS-BAY TERRACE,10306
staten_island,GREAT KILLS-BAY TERRACE,10308
staten_island,GRYMES HILL,10301
staten_island,GRYMES HILL,10304
staten_island,HUGUENOT,10312
staten_island,HUGUENOT,10309
staten_island,LIVINGSTON,10301
staten_island,LIVINGSTON,10310
staten_island,MANOR HEIGHTS,10314
staten_island,MARINERS HARBOR,10303
staten_island,MARINERS HARBOR,10312
staten_island,MARINERS HARBOR,10302
staten_island,MIDLAND BEACH,10305
staten_island,MIDLAND BEACH,10306
staten_island,NEW BRIGHTON,10301
staten_island,NEW BRIGHTON-ST. GEORGE,10301
staten_island,NEW DORP,10306
staten_island,NEW DORP-BEACH,10306
staten_island,NEW DORP-HEIGHTS,10306
staten_island,NEW SPRINGVILLE,10314
staten_island,OAKWOOD,10306
staten_island,OAKWOOD-BEACH,10306
staten_island,PLEASANT PLAINS,10309
staten_island,PLEASANT PLAINS,10307
staten_island,PORT IVORY,10303
staten_island,PORT RICHMOND,10302
staten_island,PRINCES BAY,10309
staten_island,PRINCES BAY,10307
staten_island,PRINCES BAY,10312
staten_island,RICHMONDTOWN,10306
staten_island,RICHMONDTOWN-LIGHTHS HILL,10306
staten_island,ROSEBANK,10305
staten_island,ROSSVILLE,10312
staten_island,ROSSVILLE,10309
staten_island,ROSSVILLE-CHARLESTON,10309
staten_island,ROSSVILLE-CHARLESTON,10303
staten_island,ROSSVILLE-PORT MOBIL,10309
staten_island,ROSSVILLE-RICHMOND VALLEY,10309
staten_island,ROSSVILLE-RICHMOND VALLEY,10307
staten_island,SILVER LAKE,10301
staten_island,SILVER LAKE,10310
staten_island,SOUTH BEACH,10305
staten_island,STAPLETON,10301
staten_island,STAPLETON,10304
staten_island,STAPLETON-CLIFTON,10304
staten_island,SUNNYSIDE,10301
staten_island,SUNNYSIDE,10314
staten_island,TODT HILL,10301
staten_island,TODT HILL,10304
staten_island,TOMPKINSVILLE,10301
staten_island,TOMPKINSVILLE,10304
staten_island,TOTTENVILLE,10307
staten_island,TOTTENVILLE,10309
staten_island,TRAVIS,10314
staten_island,WEST NEW BRIGHTON,10301
staten_island,WEST NEW BRIGHTON,10310
staten_island,WEST NEW BRIGHTON,10302
staten_island,WESTERLEIGH,10302
staten_island,WESTERLEIGH,10314
staten_island,WILLOWBROOK,10314
staten_island,WOODROW,10309
